Timestamp,Status,Eye_Aspect_Ratio,Mouth_Aspect_Ratio,Blink_Count,Yawn_Count
2024-11-23 21:27:03,Active,0.269,0.293,0,0
2024-11-23 21:27:04,Active,0.259,0.316,0,0
2024-11-23 21:27:04,Active,0.259,0.293,0,0
2024-11-23 21:27:04,Active,0.260,0.302,0,0
2024-11-23 21:27:04,Active,0.315,0.319,0,0
2024-11-23 21:27:04,Active,0.333,0.307,0,0
2024-11-23 21:27:04,Active,0.318,0.316,0,0
2024-11-23 21:27:04,Active,0.326,0.334,0,0
2024-11-23 21:27:04,Active,0.328,0.310,0,0
2024-11-23 21:27:04,Active,0.320,0.319,0,0
2024-11-23 21:27:04,Active,0.331,0.311,0,0
2024-11-23 21:27:05,Active,0.343,0.389,0,0
2024-11-23 21:27:05,Active,0.349,0.334,0,0
2024-11-23 21:27:05,Active,0.339,0.287,0,0
2024-11-23 21:27:05,Active,0.354,0.302,0,0
2024-11-23 21:27:05,Active,0.309,0.250,0,0
2024-11-23 21:27:05,Active,0.365,0.327,0,0
2024-11-23 21:27:05,Active,0.365,0.400,0,0
2024-11-23 21:27:05,Active,0.343,0.520,0,0
2024-11-23 21:27:05,Active,0.361,0.595,0,0
2024-11-23 21:27:05,Active,0.344,0.670,0,0
2024-11-23 21:27:06,Active,0.327,0.584,0,0
2024-11-23 21:27:06,Active,0.329,0.673,0,0
2024-11-23 21:27:06,Active,0.314,0.571,0,0
2024-11-23 21:27:06,Active,0.340,0.614,0,0
2024-11-23 21:27:06,Active,0.344,0.552,0,0
2024-11-23 21:27:06,Active,0.327,0.571,0,0
2024-11-23 21:27:06,Active,0.368,0.606,0,0
2024-11-23 21:27:06,Active,0.330,0.573,0,0
2024-11-23 21:27:06,Active,0.347,0.606,0,0
2024-11-23 21:27:06,Active,0.343,0.594,0,0
2024-11-23 21:27:07,Active,0.347,0.441,0,0
2024-11-23 21:27:07,Active,0.330,0.264,0,0
2024-11-23 21:27:07,Active,0.373,0.238,0,0
2024-11-23 21:27:07,Active,0.337,0.242,0,0
2024-11-23 21:27:07,Active,0.343,0.274,0,0
2024-11-23 21:27:07,Active,0.259,0.283,0,0
2024-11-23 21:27:07,Active,0.313,0.242,0,0
2024-11-23 21:27:07,Active,0.208,0.223,0,0
2024-11-23 21:27:07,Active,0.166,0.278,0,0
2024-11-23 21:27:07,Active,0.298,0.307,0,0
2024-11-23 21:27:08,Active,0.356,0.278,0,0
2024-11-23 21:27:08,Active,0.375,0.297,0,0
2024-11-23 21:27:08,Active,0.365,0.290,0,0
2024-11-23 21:27:08,Active,0.366,0.278,0,0
2024-11-23 21:27:08,Active,0.314,0.256,0,0
2024-11-23 21:27:08,Active,0.311,0.301,0,0
2024-11-23 21:27:08,Active,0.337,0.347,0,0
2024-11-23 21:27:08,Active,0.343,0.341,0,0
2024-11-23 21:27:08,Active,0.305,0.298,0,0
2024-11-23 21:27:08,Active,0.209,0.261,0,0
2024-11-23 21:27:09,Active,0.335,0.261,0,0
2024-11-23 21:27:09,Active,0.184,0.260,0,0
2024-11-23 21:27:09,Active,0.168,0.321,0,0
2024-11-23 21:27:09,Active,0.302,0.312,0,0
2024-11-23 21:27:09,Active,0.344,0.309,0,0
2024-11-23 21:27:09,Active,0.324,0.328,0,0
2024-11-23 21:27:09,Active,0.344,0.308,0,0
2024-11-23 21:27:09,Active,0.334,0.321,0,0
2024-11-23 21:27:09,Active,0.246,0.299,0,0
2024-11-23 21:27:09,Active,0.151,0.308,0,0
2024-11-23 21:27:10,Active,0.250,0.293,0,0
2024-11-23 21:27:10,Active,0.284,0.297,0,0
2024-11-23 21:27:10,Active,0.304,0.315,0,0
2024-11-23 21:27:10,Active,0.281,0.264,0,0
2024-11-23 21:27:10,Active,0.290,0.241,0,0
2024-11-23 21:27:10,Active,0.302,0.241,0,0
2024-11-23 21:27:10,Active,0.280,0.255,0,0
2024-11-23 21:27:10,Active,0.266,0.265,0,0
2024-11-23 21:27:10,Active,0.266,0.237,0,0
2024-11-23 21:27:10,Active,0.274,0.266,0,0
2024-11-23 21:27:11,Active,0.291,0.269,0,0
2024-11-23 21:27:11,Active,0.266,0.246,0,0
2024-11-23 21:27:11,Active,0.281,0.246,0,0
2024-11-23 21:27:11,Active,0.281,0.279,0,0
2024-11-23 21:27:11,Active,0.275,0.278,0,0
2024-11-23 21:27:11,Active,0.297,0.251,0,0
2024-11-23 21:27:11,Active,0.295,0.283,0,0
2024-11-23 21:27:11,Active,0.281,0.266,0,0
2024-11-23 21:27:11,Active,0.280,0.269,0,0
2024-11-23 21:27:11,Active,0.287,0.269,0,0
2024-11-23 21:27:12,Active,0.285,0.326,0,0
2024-11-23 21:27:12,Active,0.293,0.322,0,0
2024-11-23 21:27:12,Active,0.286,0.247,0,0
2024-11-23 21:27:12,Active,0.289,0.297,0,0
2024-11-23 21:27:12,Active,0.303,0.293,0,0
2024-11-23 21:27:12,Active,0.329,0.284,0,0
2024-11-23 21:27:12,Active,0.285,0.247,0,0
2024-11-23 21:27:12,Active,0.217,0.246,0,0
2024-11-23 21:27:12,Active,0.182,0.275,0,0
2024-11-23 21:27:12,SLEEPING !!!,0.224,0.261,0,0
2024-11-23 21:27:13,Active,0.253,0.283,1,0
2024-11-23 21:27:13,Active,0.300,0.280,1,0
2024-11-23 21:27:13,Active,0.291,0.269,1,0
2024-11-23 21:27:13,Active,0.347,0.340,1,0
2024-11-23 21:27:13,Active,0.305,0.250,1,0
2024-11-23 21:27:13,Active,0.327,0.341,1,0
2024-11-23 21:27:13,Active,0.329,0.297,1,0
2024-11-23 21:27:13,Active,0.302,0.316,1,0
2024-11-23 21:27:13,Active,0.314,0.302,1,0
2024-11-23 21:27:13,Active,0.316,0.260,1,0
2024-11-23 21:27:14,Active,0.303,0.347,1,0
2024-11-23 21:27:14,Active,0.356,0.284,1,0
2024-11-23 21:27:14,Active,0.349,0.302,1,0
2024-11-23 21:27:14,Active,0.355,0.297,1,0
2024-11-23 21:27:14,Active,0.299,0.331,1,0
2024-11-23 21:27:14,Active,0.296,0.293,1,0
2024-11-23 21:27:14,Active,0.312,0.297,1,0
2024-11-23 21:27:14,Active,0.317,0.327,1,0
2024-11-23 21:27:14,Active,0.315,0.303,1,0
2024-11-23 21:27:14,Active,0.308,0.290,1,0
2024-11-23 21:27:15,Active,0.294,0.283,1,0
2024-11-23 21:27:15,Active,0.311,0.241,1,0
2024-11-23 21:27:15,Active,0.289,0.279,1,0
2024-11-23 21:27:15,Active,0.280,0.264,1,0
2024-11-23 21:27:15,Active,0.276,0.260,1,0
2024-11-23 21:27:15,Active,0.265,0.289,1,0
2024-11-23 21:27:15,Active,0.261,0.299,1,0
2024-11-23 21:27:15,Active,0.266,0.280,1,0
2024-11-23 21:27:15,Active,0.170,0.299,1,0
2024-11-23 21:27:15,Active,0.126,0.303,1,0
2024-11-23 21:27:16,SLEEPING !!!,0.188,0.290,1,0
2024-11-23 21:27:16,Active,0.261,0.289,2,0
2024-11-23 21:27:16,Active,0.241,0.302,2,0
2024-11-23 21:27:16,Active,0.277,0.289,2,0
2024-11-23 21:27:16,Active,0.247,0.266,2,0
2024-11-23 21:27:16,Active,0.266,0.279,2,0
2024-11-23 21:27:16,Active,0.272,0.251,2,0
2024-11-23 21:27:16,Active,0.289,0.222,2,0
2024-11-23 21:27:16,Active,0.276,0.270,2,0
2024-11-23 21:27:16,Active,0.280,0.285,2,0
2024-11-23 21:27:17,Active,0.270,0.293,2,0
2024-11-23 21:27:17,Active,0.269,0.274,2,0
2024-11-23 21:27:17,Active,0.288,0.324,2,0
2024-11-23 21:27:17,Active,0.280,0.279,2,0
2024-11-23 21:27:17,Active,0.287,0.270,2,0
2024-11-23 21:27:17,Active,0.317,0.270,2,0
2024-11-23 21:27:17,Active,0.275,0.280,2,0
2024-11-23 21:27:17,Active,0.279,0.290,2,0
2024-11-23 21:27:17,Active,0.265,0.271,2,0
2024-11-23 21:27:17,Active,0.290,0.303,2,0
2024-11-23 21:27:18,Active,0.276,0.294,2,0
2024-11-23 21:27:18,Active,0.266,0.293,2,0
2024-11-23 21:27:18,Active,0.266,0.279,2,0
2024-11-23 21:27:18,Active,0.280,0.285,2,0
2024-11-23 21:27:18,Active,0.272,0.290,2,0
2024-11-23 21:27:18,Active,0.275,0.286,2,0
2024-11-23 21:27:18,Active,0.280,0.260,2,0
2024-11-23 21:27:18,Active,0.274,0.270,2,0
2024-11-23 21:27:18,Active,0.294,0.292,2,0
2024-11-23 21:27:18,Active,0.305,0.298,2,0
2024-11-23 21:27:19,Active,0.303,0.293,2,0
2024-11-23 21:27:19,Active,0.276,0.298,2,0
2024-11-23 21:27:19,Active,0.275,0.287,2,0
2024-11-23 21:27:19,Active,0.295,0.283,2,0
2024-11-23 21:27:19,Active,0.281,0.274,2,0
2024-11-23 21:27:19,Active,0.295,0.318,2,0
2024-11-23 21:27:19,Active,0.300,0.284,2,0
2024-11-23 21:27:19,Active,0.286,0.289,2,0
2024-11-23 21:27:19,Active,0.291,0.285,2,0
2024-11-23 21:27:19,Active,0.304,0.283,2,0
2024-11-23 21:27:20,Active,0.304,0.274,2,0
2024-11-23 21:27:20,Active,0.315,0.287,2,0
2024-11-23 21:27:20,Active,0.304,0.293,2,0
2024-11-23 21:27:20,Active,0.311,0.299,2,0
2024-11-23 21:27:20,Active,0.284,0.294,2,0
2024-11-23 21:27:20,Active,0.298,0.274,2,0
2024-11-23 21:27:20,Active,0.276,0.283,2,0
2024-11-23 21:27:20,Active,0.285,0.285,2,0
2024-11-23 21:27:20,Active,0.246,0.305,2,0
2024-11-23 21:27:20,Active,0.168,0.293,2,0
2024-11-23 21:27:21,SLEEPING !!!,0.219,0.280,2,0
2024-11-23 21:27:21,Active,0.271,0.293,3,0
2024-11-23 21:27:21,Active,0.281,0.305,3,0
2024-11-23 21:27:21,Active,0.281,0.283,3,0
2024-11-23 21:27:21,Active,0.276,0.280,3,0
2024-11-23 21:27:21,Active,0.291,0.293,3,0
2024-11-23 21:27:21,Active,0.294,0.289,3,0
2024-11-23 21:27:21,Active,0.284,0.274,3,0
2024-11-23 21:27:21,Active,0.285,0.279,3,0
2024-11-23 21:27:21,Active,0.288,0.284,3,0
2024-11-23 21:27:22,Active,0.321,0.274,3,0
2024-11-23 21:27:22,Active,0.298,0.298,3,0
2024-11-23 21:27:22,Active,0.324,0.288,3,0
2024-11-23 21:27:22,Active,0.284,0.302,3,0
2024-11-23 21:27:22,Active,0.301,0.290,3,0
2024-11-23 21:27:22,Active,0.274,0.290,3,0
2024-11-23 21:27:22,Active,0.290,0.289,3,0
2024-11-23 21:27:22,Active,0.181,0.285,3,0
2024-11-23 21:27:22,Active,0.122,0.294,3,0
2024-11-23 21:27:22,SLEEPING !!!,0.168,0.296,3,0
2024-11-23 21:27:23,SLEEPING !!!,0.102,0.279,3,0
2024-11-23 21:27:23,SLEEPING !!!,0.127,0.260,3,0
2024-11-23 21:27:23,SLEEPING !!!,0.111,0.279,3,0
2024-11-23 21:27:23,SLEEPING !!!,0.174,0.289,3,0
2024-11-23 21:27:23,SLEEPING !!!,0.159,0.283,3,0
2024-11-23 21:27:23,Active,0.270,0.270,4,0
2024-11-23 21:27:23,Active,0.305,0.265,4,0
2024-11-23 21:27:23,Active,0.317,0.288,4,0
2024-11-23 21:27:23,Active,0.339,0.288,4,0
2024-11-23 21:27:23,Active,0.355,0.278,4,0
2024-11-23 21:27:24,Active,0.317,0.274,4,0
2024-11-23 21:27:24,Active,0.334,0.278,4,0
2024-11-23 21:27:24,Active,0.334,0.294,4,0
2024-11-23 21:27:24,Active,0.345,0.294,4,0
2024-11-23 21:27:24,Active,0.307,0.279,4,0
2024-11-23 21:27:24,Active,0.317,0.269,4,0
2024-11-23 21:27:24,Active,0.298,0.289,4,0
2024-11-23 21:27:24,Active,0.324,0.470,4,0
2024-11-23 21:27:24,Active,0.281,0.633,4,0
2024-11-23 21:27:24,Active,0.281,0.723,4,0
2024-11-23 21:27:25,Active,0.250,0.777,4,0
2024-11-23 21:27:25,Active,0.261,0.750,4,0
2024-11-23 21:27:25,Active,0.267,0.809,4,0
2024-11-23 21:27:25,Active,0.271,0.777,4,0
2024-11-23 21:27:25,Active,0.240,0.755,4,0
2024-11-23 21:27:25,Active,0.180,0.766,4,0
2024-11-23 21:27:25,SLEEPING !!!,0.186,0.777,4,0
2024-11-23 21:27:25,SLEEPING !!!,0.191,0.729,4,0
2024-11-23 21:27:25,SLEEPING !!!,0.230,0.739,4,0
2024-11-23 21:27:25,Active,0.252,0.673,5,0
2024-11-23 21:27:26,Active,0.219,0.396,5,0
2024-11-23 21:27:26,Active,0.250,0.259,5,0
2024-11-23 21:27:26,Active,0.260,0.263,5,0
2024-11-23 21:27:26,Active,0.246,0.276,5,0
2024-11-23 21:27:26,Active,0.265,0.247,5,0
2024-11-23 21:27:26,Active,0.280,0.250,5,0
2024-11-23 21:27:26,Active,0.279,0.229,5,0
2024-11-23 21:27:26,Active,0.310,0.251,5,0
2024-11-23 21:27:26,Active,0.153,0.246,5,0
2024-11-23 21:27:26,Active,0.198,0.228,5,0
2024-11-23 21:27:27,Active,0.252,0.221,5,0
2024-11-23 21:27:27,Active,0.265,0.232,5,0
2024-11-23 21:27:27,Active,0.255,0.259,5,0
2024-11-23 21:27:27,Active,0.301,0.259,5,0
2024-11-23 21:27:27,Active,0.255,0.353,5,0
2024-11-23 21:27:27,Active,0.260,0.440,5,0
2024-11-23 21:27:27,Active,0.246,0.522,5,0
2024-11-23 21:27:27,Active,0.241,0.500,5,0
2024-11-23 21:27:27,Active,0.276,0.511,5,0
2024-11-23 21:27:27,Active,0.266,0.554,5,0
2024-11-23 21:27:28,Active,0.245,0.574,5,0
2024-11-23 21:27:28,Active,0.242,0.584,5,0
2024-11-23 21:27:28,Active,0.272,0.630,5,0
2024-11-23 21:27:28,Active,0.266,0.592,5,0
2024-11-23 21:27:28,Active,0.282,0.674,5,0
2024-11-23 21:27:28,Active,0.297,0.695,5,0
2024-11-23 21:27:28,Active,0.266,0.702,5,0
2024-11-23 21:27:28,Active,0.267,0.680,5,0
2024-11-23 21:27:28,Active,0.222,0.652,5,0
2024-11-23 21:27:28,Active,0.214,0.658,5,0
2024-11-23 21:27:29,SLEEPING !!!,0.223,0.646,5,0
2024-11-23 21:27:29,SLEEPING !!!,0.213,0.652,5,0
2024-11-23 21:27:29,SLEEPING !!!,0.245,0.683,5,0
2024-11-23 21:27:29,SLEEPING !!!,0.221,0.660,5,0
2024-11-23 21:27:29,SLEEPING !!!,0.229,0.674,5,0
2024-11-23 21:27:29,SLEEPING !!!,0.214,0.674,5,0
2024-11-23 21:27:29,SLEEPING !!!,0.204,0.651,5,0
2024-11-23 21:27:29,SLEEPING !!!,0.246,0.679,5,0
2024-11-23 21:27:29,SLEEPING !!!,0.239,0.673,5,1
2024-11-23 21:27:29,SLEEPING !!!,0.216,0.661,5,1
2024-11-23 21:27:30,SLEEPING !!!,0.218,0.683,5,1
2024-11-23 21:27:30,Active,0.257,0.692,6,1
2024-11-23 21:27:30,Active,0.241,0.686,6,1
2024-11-23 21:27:30,Active,0.255,0.670,6,1
2024-11-23 21:27:30,Active,0.235,0.663,6,1
2024-11-23 21:27:30,Active,0.214,0.584,6,1
2024-11-23 21:27:30,SLEEPING !!!,0.224,0.445,6,1
2024-11-23 21:27:30,SLEEPING !!!,0.221,0.371,6,1
2024-11-23 21:27:30,SLEEPING !!!,0.226,0.331,6,1
2024-11-23 21:27:30,SLEEPING !!!,0.222,0.310,6,1
2024-11-23 21:27:31,SLEEPING !!!,0.211,0.264,6,1
2024-11-23 21:27:31,SLEEPING !!!,0.239,0.294,6,1
2024-11-23 21:27:31,SLEEPING !!!,0.235,0.243,6,1
2024-11-23 21:27:31,SLEEPING !!!,0.206,0.251,6,1
2024-11-23 21:27:31,SLEEPING !!!,0.118,0.234,6,1
2024-11-23 21:27:31,SLEEPING !!!,0.161,0.239,6,1
2024-11-23 21:27:31,SLEEPING !!!,0.125,0.256,6,1
2024-11-23 21:27:31,SLEEPING !!!,0.164,0.238,6,1
2024-11-23 21:27:31,SLEEPING !!!,0.154,0.247,6,1
2024-11-23 21:27:31,SLEEPING !!!,0.133,0.251,6,1
2024-11-23 21:27:32,SLEEPING !!!,0.151,0.247,6,1
2024-11-23 21:27:32,SLEEPING !!!,0.194,0.259,6,1
2024-11-23 21:27:32,SLEEPING !!!,0.241,0.230,6,1
2024-11-23 21:27:32,Active,0.277,0.255,7,1
2024-11-23 21:27:32,Active,0.272,0.241,7,1
2024-11-23 21:27:32,Active,0.276,0.268,7,1
2024-11-23 21:27:32,Active,0.265,0.277,7,1
2024-11-23 21:27:32,Active,0.280,0.256,7,1
2024-11-23 21:27:32,Active,0.275,0.282,7,1
2024-11-23 21:27:32,Active,0.284,0.328,7,1
2024-11-23 21:27:33,Active,0.275,0.390,7,1
2024-11-23 21:27:33,Active,0.270,0.459,7,1
2024-11-23 21:27:33,Active,0.265,0.490,7,1
2024-11-23 21:27:33,Active,0.271,0.532,7,1
2024-11-23 21:27:33,Active,0.256,0.553,7,1
2024-11-23 21:27:33,Active,0.296,0.609,7,1
2024-11-23 21:27:33,Active,0.265,0.596,7,1
2024-11-23 21:27:33,Active,0.260,0.655,7,1
2024-11-23 21:27:33,Active,0.281,0.678,7,1
2024-11-23 21:27:33,Active,0.283,0.631,7,1
2024-11-23 21:27:34,Active,0.298,0.667,7,1
2024-11-23 21:27:34,Active,0.255,0.711,7,1
2024-11-23 21:27:34,Active,0.271,0.734,7,1
2024-11-23 21:27:34,Active,0.262,0.670,7,1
2024-11-23 21:27:34,Active,0.288,0.711,7,1
2024-11-23 21:27:34,Active,0.270,0.707,7,1
2024-11-23 21:27:34,Active,0.289,0.711,7,1
2024-11-23 21:27:34,Active,0.251,0.674,7,1
2024-11-23 21:27:34,Active,0.266,0.606,7,1
2024-11-23 21:27:34,Active,0.245,0.501,7,1
2024-11-23 21:27:35,Active,0.214,0.422,7,1
2024-11-23 21:27:35,SLEEPING !!!,0.240,0.347,7,1
2024-11-23 21:27:35,Active,0.270,0.279,8,1
2024-11-23 21:27:35,Active,0.277,0.256,8,1
2024-11-23 21:27:35,Active,0.281,0.247,8,1
2024-11-23 21:27:35,Active,0.295,0.242,8,1
2024-11-23 21:27:35,Active,0.284,0.225,8,1
2024-11-23 21:27:35,Active,0.281,0.259,8,1
2024-11-23 21:27:35,Active,0.278,0.277,8,1
2024-11-23 21:27:35,Active,0.265,0.251,8,1
2024-11-23 21:27:36,Active,0.245,0.263,8,1
2024-11-23 21:27:36,Active,0.160,0.264,8,1
2024-11-23 21:27:36,SLEEPING !!!,0.136,0.263,8,1
2024-11-23 21:27:36,SLEEPING !!!,0.156,0.251,8,1
2024-11-23 21:27:36,SLEEPING !!!,0.192,0.268,8,1
2024-11-23 21:27:36,Active,0.257,0.291,9,1
2024-11-23 21:27:36,Active,0.265,0.278,9,1
2024-11-23 21:27:36,Active,0.298,0.260,9,1
2024-11-23 21:27:36,Active,0.266,0.278,9,1
2024-11-23 21:27:36,Active,0.275,0.278,9,1
2024-11-23 21:27:37,Active,0.279,0.291,9,1
2024-11-23 21:27:37,Active,0.276,0.273,9,1
2024-11-23 21:27:37,Active,0.265,0.273,9,1
2024-11-23 21:27:37,Active,0.297,0.277,9,1
2024-11-23 21:27:37,Active,0.266,0.269,9,1
2024-11-23 21:27:37,Active,0.275,0.297,9,1
2024-11-23 21:27:37,Active,0.275,0.288,9,1
2024-11-23 21:27:37,Active,0.270,0.268,9,1
2024-11-23 21:27:37,Active,0.185,0.273,9,1
2024-11-23 21:27:37,Active,0.214,0.260,9,1
2024-11-23 21:27:38,SLEEPING !!!,0.231,0.241,9,1
2024-11-23 21:27:38,SLEEPING !!!,0.237,0.246,9,1
2024-11-23 21:27:38,Active,0.269,0.193,10,1
2024-11-23 21:27:38,Active,0.241,0.224,10,1
2024-11-23 21:27:38,Active,0.261,0.234,10,1
2024-11-23 21:27:38,Active,0.226,0.234,10,1
2024-11-23 21:27:38,Active,0.261,0.229,10,1
2024-11-23 21:27:38,Active,0.264,0.234,10,1
2024-11-23 21:27:38,Active,0.264,0.204,10,1
2024-11-23 21:27:38,Active,0.265,0.233,10,1
2024-11-23 21:27:39,Active,0.265,0.241,10,1
2024-11-23 21:27:39,Active,0.260,0.241,10,1
2024-11-23 21:27:39,Active,0.266,0.286,10,1
2024-11-23 21:27:39,Active,0.284,0.286,10,1
2024-11-23 21:27:39,Active,0.300,0.246,10,1
2024-11-23 21:27:39,Active,0.309,0.232,10,1
2024-11-23 21:27:39,Active,0.309,0.246,10,1
2024-11-23 21:27:39,Active,0.331,0.228,10,1
2024-11-23 21:27:39,Active,0.298,0.224,10,1
2024-11-23 21:27:39,Active,0.231,0.224,10,1
2024-11-23 21:27:40,Active,0.114,0.220,10,1
2024-11-23 21:27:40,SLEEPING !!!,0.186,0.250,10,1
2024-11-23 21:27:40,SLEEPING !!!,0.108,0.255,10,1
2024-11-23 21:27:40,SLEEPING !!!,0.132,0.232,10,1
2024-11-23 21:27:40,SLEEPING !!!,0.132,0.246,10,1
2024-11-23 21:27:40,SLEEPING !!!,0.141,0.232,10,1
2024-11-23 21:27:40,SLEEPING !!!,0.119,0.268,10,1
2024-11-23 21:27:40,SLEEPING !!!,0.137,0.264,10,1
2024-11-23 21:27:40,SLEEPING !!!,0.153,0.241,10,1
2024-11-23 21:27:40,SLEEPING !!!,0.120,0.283,10,1
2024-11-23 21:27:41,SLEEPING !!!,0.150,0.273,10,1
2024-11-23 21:27:41,SLEEPING !!!,0.238,0.246,10,1
2024-11-23 21:27:41,SLEEPING !!!,0.186,0.232,10,1
2024-11-23 21:27:41,SLEEPING !!!,0.134,0.237,10,1
2024-11-23 21:27:41,SLEEPING !!!,0.196,0.224,10,1
2024-11-23 21:27:41,SLEEPING !!!,0.167,0.228,10,1
2024-11-23 21:27:41,SLEEPING !!!,0.247,0.225,10,1
2024-11-23 21:27:41,Active,0.270,0.228,11,1
2024-11-23 21:27:41,Active,0.270,0.263,11,1
2024-11-23 21:27:41,Active,0.265,0.241,11,1
2024-11-23 21:27:42,Active,0.279,0.237,11,1
2024-11-23 21:27:42,Active,0.265,0.250,11,1
2024-11-23 21:27:42,Active,0.285,0.238,11,1
2024-11-23 21:27:42,Active,0.273,0.204,11,1
2024-11-23 21:27:42,Active,0.299,0.228,11,1
2024-11-23 21:27:42,Active,0.298,0.250,11,1
2024-11-23 21:27:42,Active,0.230,0.224,11,1
2024-11-23 21:27:42,Active,0.160,0.220,11,1
2024-11-23 21:27:42,SLEEPING !!!,0.221,0.273,11,1
2024-11-23 21:27:42,Active,0.265,0.366,12,1
2024-11-23 21:27:43,Active,0.265,0.337,12,1
2024-11-23 21:27:43,Active,0.279,0.356,12,1
2024-11-23 21:27:43,Active,0.279,0.363,12,1
2024-11-23 21:27:43,Active,0.269,0.337,12,1
2024-11-23 21:27:43,Active,0.275,0.306,12,1
2024-11-23 21:27:43,Active,0.250,0.269,12,1
2024-11-23 21:27:43,Active,0.284,0.250,12,1
2024-11-23 21:27:43,Active,0.250,0.259,12,1
2024-11-23 21:27:43,Active,0.171,0.220,12,1
2024-11-23 21:27:43,Active,0.170,0.255,12,1
2024-11-23 21:27:44,Active,0.270,0.254,12,1
2024-11-23 21:27:44,Active,0.293,0.250,12,1
2024-11-23 21:27:44,Active,0.308,0.228,12,1
2024-11-23 21:27:44,Active,0.303,0.265,12,1
2024-11-23 21:27:44,Active,0.261,0.250,12,1
2024-11-23 21:27:44,Active,0.277,0.241,12,1
2024-11-23 21:27:44,Active,0.235,0.232,12,1
2024-11-23 21:27:44,Active,0.250,0.237,12,1
2024-11-23 21:27:44,Active,0.275,0.246,12,1
2024-11-23 21:27:45,Active,0.266,0.255,12,1
2024-11-23 21:27:45,Active,0.259,0.259,12,1
2024-11-23 21:27:45,Active,0.264,0.236,12,1
2024-11-23 21:27:45,Active,0.270,0.196,12,1
2024-11-23 21:27:45,Active,0.276,0.223,12,1
2024-11-23 21:27:45,Active,0.256,0.232,12,1
2024-11-23 21:27:45,Active,0.237,0.220,12,1
2024-11-23 21:27:45,Active,0.256,0.264,12,1
2024-11-23 21:27:45,Active,0.275,0.228,12,1
2024-11-23 21:27:45,Active,0.270,0.237,12,1
2024-11-23 21:27:45,Active,0.259,0.232,12,1
2024-11-23 21:27:46,Active,0.264,0.232,12,1
2024-11-23 21:27:46,Active,0.269,0.264,12,1
2024-11-23 21:27:46,Active,0.274,0.227,12,1
2024-11-23 21:27:46,Active,0.260,0.223,12,1
2024-11-23 21:27:46,Active,0.264,0.232,12,1
2024-11-23 21:27:46,Active,0.260,0.228,12,1
2024-11-23 21:27:46,Active,0.260,0.232,12,1
2024-11-23 21:27:46,Active,0.261,0.237,12,1
2024-11-23 21:27:46,Active,0.245,0.224,12,1
2024-11-23 21:27:47,Active,0.241,0.237,12,1
2024-11-23 21:27:47,Active,0.266,0.241,12,1
2024-11-23 21:27:47,Active,0.266,0.237,12,1
2024-11-23 21:27:47,Active,0.274,0.228,12,1
2024-11-23 21:27:47,Active,0.250,0.232,12,1
2024-11-23 21:27:47,Active,0.270,0.228,12,1
2024-11-23 21:27:47,Active,0.231,0.209,12,1
2024-11-23 21:27:47,Active,0.251,0.241,12,1
2024-11-23 21:27:47,Active,0.251,0.255,12,1
2024-11-23 21:27:47,Active,0.266,0.232,12,1
2024-11-23 21:27:48,Active,0.241,0.259,12,1
2024-11-23 21:27:48,Active,0.232,0.264,12,1
2024-11-23 21:27:48,SLEEPING !!!,0.245,0.243,12,1
2024-11-23 21:27:48,Active,0.255,0.270,13,1
2024-11-23 21:27:48,Active,0.257,0.279,13,1
2024-11-23 21:27:48,Active,0.233,0.234,13,1
2024-11-23 21:27:48,Active,0.274,0.255,13,1
2024-11-23 21:27:48,Active,0.264,0.246,13,1
2024-11-23 21:27:48,Active,0.275,0.234,13,1
2024-11-23 21:27:48,Active,0.231,0.251,13,1
2024-11-23 21:27:49,Active,0.242,0.243,13,1
2024-11-23 21:27:49,Active,0.275,0.237,13,1
2024-11-23 21:27:49,Active,0.255,0.237,13,1
2024-11-23 21:27:49,Active,0.248,0.259,13,1
2024-11-23 21:27:49,Active,0.240,0.228,13,1
2024-11-23 21:27:49,Active,0.255,0.220,13,1
2024-11-23 21:27:49,Active,0.274,0.247,13,1
2024-11-23 21:27:49,Active,0.269,0.259,13,1
2024-11-23 21:27:49,Active,0.242,0.292,13,1
2024-11-23 21:27:49,Active,0.220,0.224,13,1
2024-11-23 21:27:50,SLEEPING !!!,0.230,0.228,13,1
2024-11-23 21:27:50,Active,0.285,0.241,14,1
2024-11-23 21:27:50,Active,0.293,0.255,14,1
2024-11-23 21:27:50,Active,0.294,0.229,14,1
2024-11-23 21:27:50,Active,0.280,0.241,14,1
2024-11-23 21:27:50,Active,0.270,0.313,14,1
2024-11-23 21:27:50,Active,0.299,0.236,14,1
2024-11-23 21:27:50,Active,0.299,0.241,14,1
2024-11-23 21:27:50,Active,0.282,0.260,14,1
2024-11-23 21:27:50,Active,0.298,0.220,14,1
2024-11-23 21:27:51,Active,0.350,0.246,14,1
2024-11-23 21:27:51,Active,0.359,0.264,14,1
2024-11-23 21:27:51,Active,0.355,0.306,14,1
2024-11-23 21:27:51,Active,0.370,0.288,14,1
2024-11-23 21:27:51,Active,0.189,0.287,14,1
2024-11-23 21:27:51,Active,0.236,0.264,14,1
2024-11-23 21:27:51,Active,0.254,0.237,14,1
2024-11-23 21:27:51,Active,0.285,0.260,14,1
2024-11-23 21:27:51,Active,0.308,0.261,14,1
2024-11-23 21:27:51,Active,0.308,0.219,14,1
2024-11-23 21:27:52,Active,0.337,0.241,14,1
2024-11-23 21:27:52,Active,0.344,0.232,14,1
2024-11-23 21:27:52,Active,0.331,0.251,14,1
2024-11-23 21:27:52,Active,0.324,0.295,14,1
2024-11-23 21:27:52,Active,0.361,0.264,14,1
2024-11-23 21:27:52,Active,0.340,0.282,14,1
2024-11-23 21:27:52,Active,0.346,0.283,14,1
2024-11-23 21:27:52,Active,0.352,0.282,14,1
2024-11-23 21:27:52,Active,0.333,0.273,14,1
2024-11-23 21:27:52,Active,0.340,0.283,14,1
2024-11-23 21:27:53,Active,0.337,0.255,14,1
2024-11-23 21:27:53,Active,0.340,0.282,14,1
2024-11-23 21:27:53,Active,0.298,0.265,14,1
2024-11-23 21:27:53,Active,0.295,0.264,14,1
2024-11-23 21:27:53,Active,0.314,0.278,14,1
2024-11-23 21:27:53,Active,0.289,0.289,14,1
2024-11-23 21:27:53,Active,0.324,0.316,14,1
2024-11-23 21:27:53,Active,0.283,0.310,14,1
2024-11-23 21:27:53,Active,0.290,0.304,14,1
2024-11-23 21:27:53,Active,0.229,0.290,14,1
2024-11-23 21:27:54,Active,0.197,0.314,14,1
2024-11-23 21:27:54,SLEEPING !!!,0.175,0.347,14,1
2024-11-23 21:27:54,Active,0.374,0.320,15,1
2024-11-23 21:27:54,Active,0.230,0.314,15,1
2024-11-23 21:27:54,Active,0.255,0.318,15,1
2024-11-23 21:27:54,Active,0.317,0.306,15,1
2024-11-23 21:27:54,Active,0.293,0.315,15,1
2024-11-23 21:27:54,Active,0.285,0.297,15,1
2024-11-23 21:27:54,Active,0.337,0.324,15,1
2024-11-23 21:27:54,Active,0.308,0.346,15,1
2024-11-23 21:27:55,Active,0.324,0.337,15,1
2024-11-23 21:27:55,Active,0.308,0.357,15,1
2024-11-23 21:27:55,Active,0.256,0.336,15,1
2024-11-23 21:27:55,Active,0.275,0.362,15,1
2024-11-23 21:27:55,Active,0.276,0.393,15,1
2024-11-23 21:27:55,Active,0.282,0.345,15,1
2024-11-23 21:27:55,Active,0.325,0.418,15,1
2024-11-23 21:27:55,Active,0.317,0.386,15,1
2024-11-23 21:27:55,Active,0.275,0.351,15,1
2024-11-23 21:27:55,Active,0.293,0.348,15,1
2024-11-23 21:27:56,Active,0.264,0.357,15,1
2024-11-23 21:27:56,Active,0.299,0.352,15,1
2024-11-23 21:27:56,Active,0.292,0.380,15,1
2024-11-23 21:27:56,Active,0.321,0.346,15,1
2024-11-23 21:27:56,Active,0.312,0.334,15,1
2024-11-23 21:27:56,Active,0.315,0.337,15,1
2024-11-23 21:27:56,Active,0.334,0.315,15,1
2024-11-23 21:27:56,Active,0.317,0.334,15,1
2024-11-23 21:27:56,Active,0.347,0.361,15,1
2024-11-23 21:27:56,Active,0.318,0.359,15,1
2024-11-23 21:27:57,Active,0.337,0.297,15,1
2024-11-23 21:27:57,Active,0.318,0.309,15,1
2024-11-23 21:27:57,Active,0.309,0.291,15,1
2024-11-23 21:27:57,Active,0.321,0.306,15,1
2024-11-23 21:27:57,Active,0.308,0.278,15,1
2024-11-23 21:27:57,Active,0.308,0.302,15,1
2024-11-23 21:27:57,Active,0.308,0.287,15,1
2024-11-23 21:27:57,Active,0.279,0.269,15,1
2024-11-23 21:27:57,Active,0.255,0.293,15,1
2024-11-23 21:27:57,Active,0.268,0.275,15,1
2024-11-23 21:27:58,Active,0.276,0.310,15,1
2024-11-23 21:27:58,Active,0.264,0.328,15,1
2024-11-23 21:27:58,Active,0.276,0.352,15,1
2024-11-23 21:27:58,Active,0.316,0.361,15,1
2024-11-23 21:27:58,Active,0.289,0.366,15,1
2024-11-23 21:27:58,Active,0.361,0.361,15,1
2024-11-23 21:27:58,Active,0.309,0.344,15,1
2024-11-23 21:27:58,Active,0.311,0.328,15,1
2024-11-23 21:27:58,Active,0.265,0.330,15,1
2024-11-23 21:27:58,Active,0.279,0.304,15,1
2024-11-23 21:27:59,Active,0.268,0.301,15,1
2024-11-23 21:27:59,Active,0.213,0.270,15,1
2024-11-23 21:27:59,Active,0.230,0.314,15,1
2024-11-23 21:27:59,SLEEPING !!!,0.242,0.279,15,1
2024-11-23 21:27:59,SLEEPING !!!,0.245,0.279,15,1
2024-11-23 21:27:59,Active,0.299,0.318,16,1
2024-11-23 21:27:59,Active,0.281,0.302,16,1
2024-11-23 21:27:59,Active,0.309,0.281,16,1
2024-11-23 21:27:59,Active,0.337,0.318,16,1
2024-11-23 21:27:59,Active,0.315,0.332,16,1
2024-11-23 21:28:00,Active,0.309,0.304,16,1
2024-11-23 21:28:00,Active,0.260,0.291,16,1
2024-11-23 21:28:00,Active,0.300,0.312,16,1
2024-11-23 21:28:00,Active,0.294,0.293,16,1
2024-11-23 21:28:00,Active,0.294,0.278,16,1
2024-11-23 21:28:00,Active,0.325,0.318,16,1
2024-11-23 21:28:00,Active,0.330,0.297,16,1
2024-11-23 21:28:00,Active,0.281,0.283,16,1
2024-11-23 21:28:00,Active,0.285,0.298,16,1
2024-11-23 21:28:00,Active,0.314,0.287,16,1
2024-11-23 21:28:01,Active,0.308,0.318,16,1
2024-11-23 21:28:01,Active,0.308,0.317,16,1
2024-11-23 21:28:01,Active,0.301,0.302,16,1
2024-11-23 21:28:01,Active,0.315,0.292,16,1
2024-11-23 21:28:01,Active,0.271,0.298,16,1
2024-11-23 21:28:01,Active,0.327,0.378,16,1
2024-11-23 21:28:01,Active,0.346,0.380,16,1
2024-11-23 21:28:01,Active,0.316,0.383,16,1
2024-11-23 21:28:01,Active,0.317,0.379,16,1
2024-11-23 21:28:01,Active,0.394,0.390,16,1
2024-11-23 21:28:02,Active,0.395,0.439,16,1
2024-11-23 21:28:02,Active,0.405,0.482,16,1
2024-11-23 21:28:02,Active,0.402,0.422,16,1
2024-11-23 21:28:02,Active,0.433,0.440,16,1
2024-11-23 21:28:02,Active,0.417,0.371,16,1
2024-11-23 21:28:02,Active,0.265,0.360,16,1
2024-11-23 21:28:02,Active,0.241,0.294,16,1
2024-11-23 21:28:02,Active,0.263,0.316,16,1
2024-11-23 21:28:02,Active,0.273,0.351,16,1
2024-11-23 21:28:02,Active,0.282,0.360,16,1
2024-11-23 21:28:03,Active,0.357,0.401,16,1
2024-11-23 21:28:03,Active,0.337,0.424,16,1
2024-11-23 21:28:03,Active,0.305,0.390,16,1
2024-11-23 21:28:03,Active,0.303,0.354,16,1
2024-11-23 21:28:03,Active,0.321,0.348,16,1
2024-11-23 21:28:03,Active,0.279,0.341,16,1
2024-11-23 21:28:03,Active,0.262,0.343,16,1
2024-11-23 21:28:03,Active,0.311,0.331,16,1
2024-11-23 21:28:03,Active,0.318,0.331,16,1
2024-11-23 21:28:03,Active,0.321,0.327,16,1
2024-11-23 21:28:04,Active,0.331,0.327,16,1
2024-11-23 21:28:04,Active,0.299,0.314,16,1
2024-11-23 21:28:04,Active,0.322,0.378,16,1
2024-11-23 21:28:04,Active,0.280,0.361,16,1
2024-11-23 21:28:04,Active,0.340,0.381,16,1
2024-11-23 21:28:04,Active,0.311,0.337,16,1
2024-11-23 21:28:04,Active,0.370,0.312,16,1
2024-11-23 21:28:04,Active,0.325,0.297,16,1
2024-11-23 21:28:04,Active,0.299,0.255,16,1
2024-11-23 21:28:04,Active,0.289,0.246,16,1
2024-11-23 21:28:05,Active,0.267,0.195,16,1
2024-11-23 21:28:05,Active,0.293,0.215,16,1
2024-11-23 21:28:05,Active,0.288,0.215,16,1
2024-11-23 21:28:05,Active,0.275,0.246,16,1
2024-11-23 21:28:05,Active,0.315,0.250,16,1
2024-11-23 21:28:05,Active,0.270,0.232,16,1
2024-11-23 21:28:05,Active,0.311,0.219,16,1
2024-11-23 21:28:05,Active,0.284,0.233,16,1
2024-11-23 21:28:05,Active,0.306,0.224,16,1
2024-11-23 21:28:05,Active,0.337,0.260,16,1
2024-11-23 21:28:06,Active,0.354,0.278,16,1
2024-11-23 21:28:06,Active,0.325,0.268,16,1
2024-11-23 21:28:06,Active,0.242,0.250,16,1
2024-11-23 21:28:06,Active,0.140,0.270,16,1
2024-11-23 21:28:06,SLEEPING !!!,0.133,0.227,16,1
2024-11-23 21:28:06,SLEEPING !!!,0.160,0.224,16,1
2024-11-23 21:28:06,SLEEPING !!!,0.171,0.250,16,1
2024-11-23 21:28:06,SLEEPING !!!,0.134,0.260,16,1
2024-11-23 21:28:06,SLEEPING !!!,0.204,0.219,16,1
2024-11-23 21:28:06,Active,0.258,0.237,17,1
2024-11-23 21:28:07,Active,0.290,0.250,17,1
2024-11-23 21:28:07,Active,0.308,0.250,17,1
2024-11-23 21:28:07,Active,0.305,0.250,17,1
2024-11-23 21:28:07,Active,0.294,0.233,17,1
2024-11-23 21:28:07,Active,0.200,0.241,17,1
2024-11-23 21:28:07,Active,0.134,0.270,17,1
2024-11-23 21:28:07,SLEEPING !!!,0.200,0.241,17,1
2024-11-23 21:28:07,SLEEPING !!!,0.241,0.268,17,1
2024-11-23 21:28:07,SLEEPING !!!,0.240,0.233,17,1
2024-11-23 21:28:07,SLEEPING !!!,0.237,0.255,17,1
2024-11-23 21:28:08,SLEEPING !!!,0.130,0.259,17,1
2024-11-23 21:28:08,SLEEPING !!!,0.123,0.274,17,1
2024-11-23 21:28:08,SLEEPING !!!,0.232,0.287,17,1
2024-11-23 21:28:09,Active,0.263,0.357,18,1
2024-11-23 21:28:09,Active,0.278,0.377,18,1
2024-11-23 21:28:10,Active,0.277,0.405,18,1
2024-11-23 21:28:10,Active,0.308,0.388,18,1
2024-11-23 21:28:10,Active,0.286,0.436,18,1
2024-11-23 21:28:12,Active,0.295,0.383,18,1
2024-11-23 21:28:12,Active,0.318,0.389,18,1
2024-11-23 21:28:12,Active,0.398,0.322,18,1
2024-11-23 21:28:12,Active,0.280,0.505,18,1
2024-11-23 21:28:12,Active,0.372,0.260,18,1
2024-11-23 21:28:13,Active,0.260,0.270,18,1
2024-11-23 21:28:13,Active,0.241,0.313,18,1
2024-11-23 21:28:13,Active,0.250,0.310,18,1
2024-11-23 21:28:13,Active,0.263,0.269,18,1
2024-11-23 21:28:13,Active,0.278,0.266,18,1
2024-11-23 21:28:13,Active,0.274,0.271,18,1
2024-11-23 21:28:13,Active,0.273,0.272,18,1
2024-11-23 21:28:13,Active,0.303,0.289,18,1
2024-11-23 21:28:13,Active,0.291,0.357,18,1
2024-11-23 21:28:13,Active,0.310,0.387,18,1
2024-11-23 21:28:14,Active,0.342,0.349,18,1
2024-11-23 21:28:14,Active,0.330,0.357,18,1
2024-11-23 21:28:14,Active,0.282,0.390,18,1
2024-11-23 21:28:14,Active,0.346,0.319,18,1
2024-11-23 21:28:14,Active,0.304,0.322,18,1
2024-11-23 21:28:14,Active,0.320,0.312,18,1
2024-11-23 21:28:14,Active,0.274,0.277,18,1
2024-11-23 21:28:14,Active,0.325,0.322,18,1
2024-11-23 21:28:14,Active,0.311,0.334,18,1
2024-11-23 21:28:14,Active,0.320,0.342,18,1
2024-11-23 21:28:15,Active,0.252,0.317,18,1
2024-11-23 21:28:15,Active,0.296,0.348,18,1
2024-11-23 21:28:15,Active,0.306,0.368,18,1
2024-11-23 21:28:15,Active,0.261,0.343,18,1
2024-11-23 21:28:15,Active,0.298,0.275,18,1
2024-11-23 21:28:15,Active,0.282,0.294,18,1
2024-11-23 21:28:15,Active,0.250,0.287,18,1
2024-11-23 21:28:15,Active,0.288,0.283,18,1
2024-11-23 21:28:15,Active,0.297,0.270,18,1
2024-11-23 21:28:15,Active,0.320,0.294,18,1
2024-11-23 21:28:16,Active,0.333,0.260,18,1
2024-11-23 21:28:16,Active,0.327,0.285,18,1
2024-11-23 21:28:16,Active,0.337,0.284,18,1
2024-11-23 21:28:16,Active,0.313,0.306,18,1
2024-11-23 21:28:16,Active,0.367,0.274,18,1
2024-11-23 21:28:16,Active,0.332,0.269,18,1
2024-11-23 21:28:16,Active,0.321,0.250,18,1
2024-11-23 21:28:16,Active,0.300,0.265,18,1
2024-11-23 21:28:16,Active,0.323,0.298,18,1
2024-11-23 21:28:16,Active,0.320,0.236,18,1
2024-11-23 21:28:17,Active,0.323,0.269,18,1
2024-11-23 21:28:17,Active,0.320,0.265,18,1
2024-11-23 21:28:17,Active,0.345,0.255,18,1
2024-11-23 21:28:17,Active,0.327,0.270,18,1
2024-11-23 21:28:17,Active,0.341,0.231,18,1
2024-11-23 21:28:17,Active,0.337,0.250,18,1
2024-11-23 21:28:17,Active,0.360,0.274,18,1
2024-11-23 21:28:17,Active,0.307,0.260,18,1
2024-11-23 21:28:17,Active,0.327,0.287,18,1
2024-11-23 21:28:17,Active,0.327,0.228,18,1
2024-11-23 21:28:18,Active,0.296,0.250,18,1
2024-11-23 21:28:18,Active,0.294,0.285,18,1
2024-11-23 21:28:18,Active,0.310,0.319,18,1
2024-11-23 21:28:18,Active,0.284,0.371,18,1
2024-11-23 21:28:18,Active,0.253,0.342,18,1
2024-11-23 21:28:18,Active,0.261,0.340,18,1
2024-11-23 21:28:18,Active,0.335,0.314,18,1
2024-11-23 21:28:18,Active,0.335,0.558,18,1
2024-11-23 21:28:18,Active,0.371,0.557,18,1
2024-11-23 21:28:18,Active,0.399,0.572,18,1
2024-11-23 21:28:19,Active,0.344,0.574,18,1
2024-11-23 21:28:19,Active,0.390,0.354,18,1
2024-11-23 21:28:19,Active,0.296,0.384,18,1
2024-11-23 21:28:19,Active,0.301,0.501,18,1
2024-11-23 21:28:19,Active,0.294,0.387,18,1
2024-11-23 21:28:19,Active,0.222,0.365,18,1
2024-11-23 21:28:19,Active,0.249,0.330,18,1
2024-11-23 21:28:19,Active,0.273,0.282,18,1
2024-11-23 21:28:19,Active,0.229,0.286,18,1
2024-11-23 21:28:19,Active,0.272,0.250,18,1
2024-11-23 21:28:20,Active,0.299,0.236,18,1
2024-11-23 21:28:20,Active,0.297,0.246,18,1
2024-11-23 21:28:20,Active,0.302,0.280,18,1
2024-11-23 21:28:20,Active,0.305,0.255,18,1
2024-11-23 21:28:20,Active,0.309,0.286,18,1
2024-11-23 21:28:20,Active,0.323,0.280,18,1
2024-11-23 21:28:20,Active,0.301,0.241,18,1
2024-11-23 21:28:20,Active,0.279,0.270,18,1
2024-11-23 21:28:20,Active,0.261,0.289,18,1
2024-11-23 21:28:20,Active,0.244,0.260,18,1
2024-11-23 21:28:21,Active,0.305,0.276,18,1
2024-11-23 21:28:21,Active,0.268,0.296,18,1
2024-11-23 21:28:21,Active,0.294,0.306,18,1
2024-11-23 21:28:21,Active,0.267,0.286,18,1
2024-11-23 21:28:21,Active,0.228,0.330,18,1
2024-11-23 21:28:21,Active,0.261,0.318,18,1
2024-11-23 21:28:21,Active,0.235,0.317,18,1
2024-11-23 21:28:21,Active,0.246,0.280,18,1
2024-11-23 21:28:21,SLEEPING !!!,0.246,0.279,18,1
2024-11-23 21:28:21,SLEEPING !!!,0.207,0.294,18,1
2024-11-23 21:28:22,Active,0.252,0.268,19,1
2024-11-23 21:28:22,Active,0.259,0.273,19,1
2024-11-23 21:28:22,Active,0.250,0.316,19,1
2024-11-23 21:28:22,Active,0.266,0.284,19,1
2024-11-23 21:28:22,Active,0.245,0.292,19,1
2024-11-23 21:28:22,Active,0.278,0.273,19,1
2024-11-23 21:28:22,Active,0.312,0.301,19,1
2024-11-23 21:28:22,Active,0.325,0.264,19,1
2024-11-23 21:28:22,Active,0.296,0.301,19,1
2024-11-23 21:28:22,Active,0.306,0.296,19,1
2024-11-23 21:28:23,Active,0.303,0.246,19,1
2024-11-23 21:28:23,Active,0.306,0.292,19,1
2024-11-23 21:28:23,Active,0.327,0.291,19,1
2024-11-23 21:28:23,Active,0.318,0.269,19,1
2024-11-23 21:28:23,Active,0.192,0.274,19,1
2024-11-23 21:28:23,Active,0.188,0.242,19,1
2024-11-23 21:28:23,SLEEPING !!!,0.170,0.576,19,1
2024-11-23 21:28:23,SLEEPING !!!,0.246,0.260,19,1
2024-11-23 21:28:23,Active,0.260,0.229,20,1
2024-11-23 21:28:23,Active,0.265,0.232,20,1
2024-11-23 21:28:24,Active,0.274,0.234,20,1
2024-11-23 21:28:24,Active,0.278,0.234,20,1
2024-11-23 21:28:24,Active,0.256,0.246,20,1
2024-11-23 21:28:24,Active,0.295,0.250,20,1
2024-11-23 21:28:24,Active,0.300,0.225,20,1
2024-11-23 21:28:24,Active,0.318,0.387,20,1
2024-11-23 21:28:24,Active,0.284,0.246,20,1
2024-11-23 21:28:24,Active,0.282,0.272,20,1
2024-11-23 21:28:24,Active,0.294,0.263,20,1
2024-11-23 21:28:24,Active,0.298,0.272,20,1
2024-11-23 21:28:25,Active,0.299,0.281,20,1
2024-11-23 21:28:25,Active,0.307,0.268,20,1
2024-11-23 21:28:25,Active,0.298,0.255,20,1
2024-11-23 21:28:25,Active,0.299,0.268,20,1
2024-11-23 21:28:25,Active,0.315,0.268,20,1
2024-11-23 21:28:25,Active,0.334,0.441,20,1
2024-11-23 21:28:25,Active,0.309,0.419,20,1
2024-11-23 21:28:25,Active,0.313,0.445,20,1
2024-11-23 21:28:25,Active,0.318,0.492,20,1
2024-11-23 21:28:25,Active,0.303,0.483,20,1
2024-11-23 21:28:26,Active,0.328,0.467,20,1
2024-11-23 21:28:26,Active,0.297,0.286,20,1
2024-11-23 21:28:26,Active,0.309,0.548,20,1
2024-11-23 21:28:26,Active,0.347,0.508,20,1
2024-11-23 21:28:26,Active,0.316,0.272,20,1
2024-11-23 21:28:26,Active,0.334,0.544,20,1
2024-11-23 21:28:26,Active,0.354,0.250,20,1
2024-11-23 21:28:26,Active,0.346,0.238,20,1
2024-11-23 21:28:26,Active,0.348,0.250,20,1
2024-11-23 21:28:26,Active,0.349,0.264,20,1
2024-11-23 21:28:27,Active,0.327,0.264,20,1
2024-11-23 21:28:27,Active,0.340,0.255,20,1
2024-11-23 21:28:27,Active,0.357,0.281,20,1
2024-11-23 21:28:27,Active,0.328,0.237,20,1
2024-11-23 21:28:27,Active,0.349,0.246,20,1
2024-11-23 21:28:27,Active,0.331,0.263,20,1
2024-11-23 21:28:27,Active,0.343,0.255,20,1
2024-11-23 21:28:27,Active,0.345,0.259,20,1
2024-11-23 21:28:27,Active,0.302,0.220,20,1
2024-11-23 21:28:27,Active,0.300,0.272,20,1
2024-11-23 21:28:28,Active,0.240,0.277,20,1
2024-11-23 21:28:28,Active,0.227,0.276,20,1
2024-11-23 21:28:28,Active,0.289,0.264,20,1
2024-11-23 21:28:28,Active,0.365,0.238,20,1
2024-11-23 21:28:28,Active,0.334,0.213,20,1
2024-11-23 21:28:28,Active,0.333,0.233,20,1
2024-11-23 21:28:28,Active,0.337,0.224,20,1
2024-11-23 21:28:28,Active,0.319,0.255,20,1
2024-11-23 21:28:28,Active,0.322,0.259,20,1
2024-11-23 21:28:28,Active,0.330,0.238,20,1
2024-11-23 21:28:29,Active,0.325,0.246,20,1
2024-11-23 21:28:29,Active,0.340,0.250,20,1
2024-11-23 21:28:29,Active,0.331,0.264,20,1
2024-11-23 21:28:29,Active,0.336,0.267,20,1
2024-11-23 21:28:29,Active,0.330,0.259,20,1
2024-11-23 21:28:29,Active,0.318,0.241,20,1
2024-11-23 21:28:29,Active,0.330,0.241,20,1
2024-11-23 21:28:29,Active,0.322,0.259,20,1
2024-11-23 21:28:29,Active,0.324,0.259,20,1
2024-11-23 21:28:29,Active,0.349,0.259,20,1
2024-11-23 21:28:30,Active,0.319,0.264,20,1
2024-11-23 21:28:30,Active,0.319,0.259,20,1
2024-11-23 21:28:30,Active,0.315,0.242,20,1
2024-11-23 21:28:30,Active,0.343,0.254,20,1
2024-11-23 21:28:30,Active,0.328,0.272,20,1
2024-11-23 21:28:30,Active,0.310,0.250,20,1
2024-11-23 21:28:30,Active,0.294,0.233,20,1
2024-11-23 21:28:30,Active,0.328,0.242,20,1
2024-11-23 21:28:30,Active,0.331,0.254,20,1
2024-11-23 21:28:30,Active,0.287,0.260,20,1
2024-11-23 21:28:31,Active,0.318,0.325,20,1
2024-11-23 21:28:31,Active,0.376,0.347,20,1
2024-11-23 21:28:31,Active,0.369,0.342,20,1
2024-11-23 21:28:31,Active,0.425,0.406,20,1
2024-11-23 21:28:31,Active,0.390,0.375,20,1
2024-11-23 21:28:31,Active,0.427,0.353,20,1
2024-11-23 21:28:31,Active,0.284,0.353,20,1
2024-11-23 21:28:31,Active,0.317,0.287,20,1
2024-11-23 21:28:31,Active,0.271,0.279,20,1
2024-11-23 21:28:31,Active,0.255,0.268,20,1
2024-11-23 21:28:32,Active,0.236,0.268,20,1
2024-11-23 21:28:32,Active,0.278,0.264,20,1
2024-11-23 21:28:32,Active,0.270,0.242,20,1
2024-11-23 21:28:32,Active,0.291,0.255,20,1
2024-11-23 21:28:32,Active,0.310,0.263,20,1
2024-11-23 21:28:32,Active,0.318,0.277,20,1
2024-11-23 21:28:32,Active,0.312,0.260,20,1
2024-11-23 21:28:32,Active,0.303,0.255,20,1
2024-11-23 21:28:32,Active,0.298,0.264,20,1
2024-11-23 21:28:32,Active,0.312,0.286,20,1
2024-11-23 21:28:33,Active,0.283,0.290,20,1
2024-11-23 21:28:33,Active,0.288,0.269,20,1
2024-11-23 21:28:33,Active,0.245,0.259,20,1
2024-11-23 21:28:33,Active,0.265,0.344,20,1
2024-11-23 21:28:33,Active,0.321,0.312,20,1
2024-11-23 21:28:33,Active,0.331,0.355,20,1
2024-11-23 21:28:33,Active,0.313,0.329,20,1
2024-11-23 21:28:33,Active,0.338,0.346,20,1
2024-11-23 21:28:33,Active,0.369,0.432,20,1
2024-11-23 21:28:33,Active,0.241,0.315,20,1
2024-11-23 21:28:34,Active,0.252,0.283,20,1
2024-11-23 21:28:34,Active,0.246,0.281,20,1
2024-11-23 21:28:34,Active,0.284,0.272,20,1
2024-11-23 21:28:34,Active,0.291,0.282,20,1
2024-11-23 21:28:34,Active,0.256,0.264,20,1
2024-11-23 21:28:34,Active,0.277,0.260,20,1
2024-11-23 21:28:34,Active,0.274,0.290,20,1
2024-11-23 21:28:34,Active,0.304,0.313,20,1
2024-11-23 21:28:36,Active,0.296,0.351,20,1
2024-11-23 21:28:36,Active,0.316,0.331,20,1
2024-11-23 21:28:36,Active,0.306,0.300,20,1
2024-11-23 21:28:36,Active,0.334,0.309,20,1
2024-11-23 21:28:36,Active,0.344,0.310,20,1
2024-11-23 21:28:37,Active,0.333,0.325,20,1
2024-11-23 21:28:37,Active,0.328,0.321,20,1
2024-11-23 21:28:37,Active,0.333,0.310,20,1
2024-11-23 21:28:37,Active,0.343,0.315,20,1
2024-11-23 21:28:37,Active,0.337,0.325,20,1
2024-11-23 21:28:37,Active,0.361,0.319,20,1
2024-11-23 21:28:37,Active,0.369,0.301,20,1
2024-11-23 21:28:37,Active,0.333,0.273,20,1
2024-11-23 21:28:37,Active,0.344,0.296,20,1
2024-11-23 21:28:37,Active,0.336,0.312,20,1
2024-11-23 21:28:38,Active,0.330,0.330,20,1
2024-11-23 21:28:38,Active,0.293,0.440,20,1
2024-11-23 21:28:38,Active,0.310,0.596,20,1
2024-11-23 21:28:38,Active,0.245,0.761,20,1
2024-11-23 21:28:38,Active,0.197,0.789,20,1
2024-11-23 21:28:38,SLEEPING !!!,0.176,0.878,20,1
2024-11-23 21:28:38,SLEEPING !!!,0.174,0.744,20,1
2024-11-23 21:28:38,SLEEPING !!!,0.168,0.844,20,1
2024-11-23 21:28:38,SLEEPING !!!,0.187,0.778,20,1
2024-11-23 21:28:38,SLEEPING !!!,0.181,0.773,20,1
2024-11-23 21:28:39,SLEEPING !!!,0.176,0.704,20,1
2024-11-23 21:28:39,SLEEPING !!!,0.173,0.867,20,1
2024-11-23 21:28:39,SLEEPING !!!,0.216,0.900,20,1
2024-11-23 21:28:39,SLEEPING !!!,0.234,0.867,20,1
2024-11-23 21:28:39,SLEEPING !!!,0.198,0.913,20,1
2024-11-23 21:28:39,Active,0.250,1.023,21,1
2024-11-23 21:28:39,Active,0.207,0.936,21,1
2024-11-23 21:28:39,Yawning !,0.192,0.957,21,2
2024-11-23 21:28:39,SLEEPING !!!,0.215,0.906,21,2
2024-11-23 21:28:39,SLEEPING !!!,0.212,0.957,21,2
2024-11-23 21:28:40,SLEEPING !!!,0.230,0.957,21,2
2024-11-23 21:28:40,SLEEPING !!!,0.212,0.873,21,2
2024-11-23 21:28:40,SLEEPING !!!,0.207,0.557,21,2
2024-11-23 21:28:40,SLEEPING !!!,0.202,0.396,21,2
2024-11-23 21:28:40,Active,0.260,0.318,22,2
2024-11-23 21:28:40,Active,0.260,0.272,22,2
2024-11-23 21:28:40,Active,0.223,0.267,22,2
2024-11-23 21:28:40,Active,0.251,0.310,22,2
2024-11-23 21:28:40,Active,0.231,0.366,22,2
2024-11-23 21:28:40,Active,0.257,0.490,22,2
2024-11-23 21:28:41,Active,0.271,0.694,22,2
2024-11-23 21:28:41,Active,0.288,0.792,22,2
2024-11-23 21:28:41,Active,0.235,0.827,22,2
2024-11-23 21:28:41,Active,0.275,0.864,22,2
2024-11-23 21:28:41,Active,0.274,0.844,22,2
2024-11-23 21:28:41,Active,0.251,0.854,22,2
2024-11-23 21:28:41,Active,0.246,0.858,22,2
2024-11-23 21:28:41,Active,0.274,0.857,22,2
2024-11-23 21:28:41,Active,0.266,0.894,22,2
2024-11-23 21:28:42,Active,0.285,0.857,22,2
2024-11-23 21:28:42,Active,0.251,0.776,22,2
2024-11-23 21:28:42,Active,0.255,0.791,22,2
2024-11-23 21:28:42,Active,0.261,0.812,22,2
2024-11-23 21:28:42,Active,0.241,0.826,22,2
2024-11-23 21:28:42,Yawning !,0.250,0.898,22,3
2024-11-23 21:28:42,Active,0.243,0.959,22,3
2024-11-23 21:28:42,Active,0.269,0.898,22,3
2024-11-23 21:28:42,Active,0.260,0.880,22,3
2024-11-23 21:28:42,Active,0.264,0.875,22,3
2024-11-23 21:28:43,Active,0.256,0.814,22,3
2024-11-23 21:28:43,Active,0.285,0.796,22,3
2024-11-23 21:28:43,Active,0.247,0.796,22,3
2024-11-23 21:28:43,Active,0.256,0.770,22,3
2024-11-23 21:28:43,Active,0.233,0.667,22,3
2024-11-23 21:28:43,Active,0.250,0.472,22,3
2024-11-23 21:28:43,Active,0.260,0.281,22,3
2024-11-23 21:28:43,Active,0.236,0.288,22,3
2024-11-23 21:28:43,Active,0.270,0.280,22,3
2024-11-23 21:28:43,Active,0.274,0.298,22,3
2024-11-23 21:28:44,Active,0.250,0.472,22,3
2024-11-23 21:28:44,Active,0.274,0.640,22,3
2024-11-23 21:28:44,Active,0.257,0.700,22,3
2024-11-23 21:28:44,Active,0.239,0.792,22,3
2024-11-23 21:28:44,Active,0.204,0.862,22,3
2024-11-23 21:28:44,SLEEPING !!!,0.216,0.852,22,3
2024-11-23 21:28:44,SLEEPING !!!,0.192,0.872,22,3
2024-11-23 21:28:44,SLEEPING !!!,0.219,0.883,22,3
2024-11-23 21:28:44,SLEEPING !!!,0.174,0.925,22,3
2024-11-23 21:28:44,SLEEPING !!!,0.200,0.926,22,3
2024-11-23 21:28:45,SLEEPING !!!,0.209,0.885,22,3
2024-11-23 21:28:45,SLEEPING !!!,0.218,0.872,22,3
2024-11-23 21:28:45,SLEEPING !!!,0.230,0.916,22,3
2024-11-23 21:28:45,SLEEPING !!!,0.206,0.898,22,3
2024-11-23 21:28:45,SLEEPING !!!,0.242,0.896,22,3
2024-11-23 21:28:45,SLEEPING !!!,0.211,0.936,22,4
2024-11-23 21:28:45,SLEEPING !!!,0.206,0.939,22,4
2024-11-23 21:28:45,SLEEPING !!!,0.245,0.947,22,4
2024-11-23 21:28:45,SLEEPING !!!,0.236,0.947,22,4
2024-11-23 21:28:45,SLEEPING !!!,0.239,0.948,22,4
2024-11-23 21:28:46,Active,0.267,0.925,23,4
2024-11-23 21:28:46,Active,0.246,0.898,23,4
2024-11-23 21:28:46,Active,0.281,0.896,23,4
2024-11-23 21:28:46,Active,0.250,0.917,23,4
2024-11-23 21:28:46,Active,0.241,0.948,23,4
2024-11-23 21:28:46,Active,0.254,0.896,23,4
2024-11-23 21:28:46,Active,0.246,0.888,23,4
2024-11-23 21:28:46,Active,0.260,0.898,23,4
2024-11-23 21:28:46,Active,0.274,0.906,23,4
2024-11-23 21:28:46,Active,0.250,0.854,23,4
2024-11-23 21:28:47,Active,0.259,0.706,23,4
2024-11-23 21:28:47,Active,0.240,0.472,23,4
2024-11-23 21:28:47,Active,0.237,0.283,23,4
2024-11-23 21:28:47,SLEEPING !!!,0.227,0.246,23,4
2024-11-23 21:28:47,SLEEPING !!!,0.215,0.284,23,4
2024-11-23 21:28:47,SLEEPING !!!,0.221,0.295,23,4
2024-11-23 21:28:47,Active,0.256,0.267,24,4
2024-11-23 21:28:47,Active,0.203,0.299,24,4
2024-11-23 21:28:47,Active,0.225,0.302,24,4
2024-11-23 21:28:47,SLEEPING !!!,0.128,0.321,24,4
2024-11-23 21:28:48,SLEEPING !!!,0.154,0.343,24,4
2024-11-23 21:28:48,SLEEPING !!!,0.189,0.281,24,4
2024-11-23 21:28:48,SLEEPING !!!,0.230,0.288,24,4
2024-11-23 21:28:48,SLEEPING !!!,0.236,0.311,24,4
2024-11-23 21:28:48,SLEEPING !!!,0.250,0.334,24,4
2024-11-23 21:28:48,Active,0.265,0.319,25,4
2024-11-23 21:28:48,Active,0.269,0.297,25,4
2024-11-23 21:28:48,Active,0.287,0.285,25,4
2024-11-23 21:28:48,Active,0.315,0.276,25,4
2024-11-23 21:28:48,Active,0.312,0.272,25,4
2024-11-23 21:28:49,Active,0.327,0.299,25,4
2024-11-23 21:28:49,Active,0.352,0.281,25,4
2024-11-23 21:28:49,Active,0.335,0.281,25,4
2024-11-23 21:28:49,Active,0.352,0.295,25,4
2024-11-23 21:28:49,Active,0.338,0.276,25,4
2024-11-23 21:28:49,Active,0.340,0.255,25,4
2024-11-23 21:28:49,Active,0.352,0.251,25,4
2024-11-23 21:28:49,Active,0.319,0.262,25,4
2024-11-23 21:28:49,Active,0.335,0.297,25,4
2024-11-23 21:28:49,Active,0.356,0.387,25,4
2024-11-23 21:28:50,Active,0.337,0.452,25,4
2024-11-23 21:28:50,Active,0.331,0.577,25,4
2024-11-23 21:28:50,Active,0.352,0.608,25,4
2024-11-23 21:28:50,Active,0.352,0.579,25,4
2024-11-23 21:28:50,Active,0.343,0.560,25,4
2024-11-23 21:28:50,Active,0.349,0.577,25,4
2024-11-23 21:28:50,Active,0.343,0.529,25,4
2024-11-23 21:28:50,Active,0.350,0.539,25,4
2024-11-23 21:28:50,Active,0.370,0.550,25,4
2024-11-23 21:28:50,Active,0.341,0.598,25,4
2024-11-23 21:28:51,Active,0.337,0.601,25,4
2024-11-23 21:28:51,Active,0.338,0.569,25,4
2024-11-23 21:28:51,Active,0.339,0.561,25,4
2024-11-23 21:28:51,Active,0.343,0.550,25,4
2024-11-23 21:28:51,Active,0.339,0.600,25,4
2024-11-23 21:28:51,Active,0.334,0.600,25,4
2024-11-23 21:28:51,Active,0.312,0.568,25,4
2024-11-23 21:28:51,Active,0.343,0.590,25,4
2024-11-23 21:28:51,Active,0.349,0.568,25,4
2024-11-23 21:28:51,Active,0.333,0.561,25,4
2024-11-23 21:28:52,Active,0.333,0.643,25,4
2024-11-23 21:28:52,Active,0.324,0.608,25,4
2024-11-23 21:28:52,Active,0.324,0.582,25,4
2024-11-23 21:28:52,Active,0.320,0.511,25,4
2024-11-23 21:28:52,Active,0.343,0.453,25,4
2024-11-23 21:28:52,Active,0.306,0.373,25,4
2024-11-23 21:28:52,Active,0.334,0.268,25,4
2024-11-23 21:28:52,Active,0.324,0.289,25,4
2024-11-23 21:28:52,Active,0.342,0.263,25,4
2024-11-23 21:28:52,Active,0.315,0.272,25,4
2024-11-23 21:28:53,Active,0.324,0.285,25,4
2024-11-23 21:28:53,Active,0.325,0.263,25,4
2024-11-23 21:28:53,Active,0.279,0.258,25,4
2024-11-23 21:28:53,Active,0.171,0.267,25,4
2024-11-23 21:28:53,Active,0.206,0.280,25,4
2024-11-23 21:28:53,Active,0.276,0.305,25,4
2024-11-23 21:28:53,Active,0.279,0.271,25,4
2024-11-23 21:28:53,Active,0.321,0.299,25,4
2024-11-23 21:28:53,Active,0.303,0.331,25,4
2024-11-23 21:28:53,Active,0.313,0.343,25,4
2024-11-23 21:28:54,Active,0.328,0.451,25,4
2024-11-23 21:28:54,Active,0.318,0.520,25,4
2024-11-23 21:28:54,Active,0.273,0.584,25,4
2024-11-23 21:28:54,Active,0.274,0.583,25,4
2024-11-23 21:28:54,Active,0.260,0.595,25,4
2024-11-23 21:28:54,Active,0.250,0.618,25,4
2024-11-23 21:28:54,Active,0.260,0.674,25,4
2024-11-23 21:28:54,Active,0.265,0.625,25,4
2024-11-23 21:28:54,Active,0.270,0.628,25,4
2024-11-23 21:28:54,Active,0.279,0.614,25,4
2024-11-23 21:28:55,Active,0.274,0.664,25,4
2024-11-23 21:28:55,Active,0.317,0.674,25,4
2024-11-23 21:28:55,Active,0.323,0.689,25,4
2024-11-23 21:28:55,Active,0.311,0.652,25,4
2024-11-23 21:28:55,Active,0.371,0.649,25,4
2024-11-23 21:28:55,Active,0.334,0.745,25,4
2024-11-23 21:28:55,Active,0.357,0.809,25,4
2024-11-23 21:28:55,Active,0.331,0.816,25,4
2024-11-23 21:28:55,Active,0.355,0.776,25,4
2024-11-23 21:28:55,Yawning !,0.349,0.803,25,5
2024-11-23 21:28:56,Active,0.337,0.808,25,5
2024-11-23 21:28:56,Active,0.357,0.745,25,5
2024-11-23 21:28:56,Active,0.343,0.766,25,5
2024-11-23 21:28:56,Active,0.364,0.777,25,5
2024-11-23 21:28:56,Active,0.364,0.674,25,5
2024-11-23 21:28:56,Active,0.340,0.471,25,5
2024-11-23 21:28:56,Active,0.371,0.327,25,5
2024-11-23 21:28:56,Active,0.366,0.286,25,5
2024-11-23 21:28:56,Active,0.346,0.263,25,5
2024-11-23 21:28:56,Active,0.287,0.251,25,5
2024-11-23 21:28:57,Active,0.156,0.242,25,5
2024-11-23 21:28:57,Active,0.180,0.247,25,5
2024-11-23 21:28:57,SLEEPING !!!,0.230,0.259,25,5
2024-11-23 21:28:57,Active,0.270,0.268,26,5
2024-11-23 21:28:57,Active,0.269,0.259,26,5
2024-11-23 21:28:57,Active,0.281,0.241,26,5
2024-11-23 21:28:57,Active,0.299,0.273,26,5
2024-11-23 21:28:57,Active,0.301,0.273,26,5
2024-11-23 21:28:57,Active,0.327,0.268,26,5
2024-11-23 21:28:57,Active,0.321,0.278,26,5
2024-11-23 21:28:58,Active,0.341,0.287,26,5
2024-11-23 21:28:58,Active,0.328,0.278,26,5
2024-11-23 21:28:58,Active,0.320,0.278,26,5
2024-11-23 21:28:58,Active,0.206,0.283,26,5
2024-11-23 21:28:58,Active,0.176,0.340,26,5
2024-11-23 21:28:58,SLEEPING !!!,0.175,0.300,26,5
2024-11-23 21:28:58,SLEEPING !!!,0.201,0.280,26,5
2024-11-23 21:28:58,SLEEPING !!!,0.240,0.296,26,5
2024-11-23 21:28:58,Active,0.263,0.286,27,5
2024-11-23 21:28:58,Active,0.279,0.323,27,5
2024-11-23 21:28:59,Active,0.227,0.309,27,5
2024-11-23 21:28:59,Active,0.279,0.344,27,5
2024-11-23 21:28:59,Active,0.279,0.294,27,5
2024-11-23 21:28:59,Active,0.262,0.323,27,5
2024-11-23 21:28:59,Active,0.274,0.307,27,5
2024-11-23 21:28:59,Active,0.251,0.338,27,5
2024-11-23 21:28:59,Active,0.250,0.318,27,5
2024-11-23 21:28:59,Active,0.286,0.357,27,5
2024-11-23 21:28:59,Active,0.239,0.381,27,5
2024-11-23 21:28:59,Active,0.275,0.330,27,5
2024-11-23 21:29:02,Active,0.267,0.443,27,5
2024-11-23 21:29:02,Active,0.267,0.354,27,5
2024-11-23 21:29:02,Active,0.278,0.302,27,5
2024-11-23 21:29:02,Active,0.320,0.277,27,5
2024-11-23 21:29:02,Active,0.313,0.240,27,5
2024-11-23 21:29:02,Active,0.308,0.223,27,5
2024-11-23 21:29:02,Active,0.290,0.213,27,5
2024-11-23 21:29:03,Active,0.256,0.123,27,5
2024-11-23 21:29:03,Active,0.259,0.086,27,5
2024-11-23 21:29:03,Active,0.224,0.197,27,5
2024-11-23 21:29:03,Active,0.188,0.263,27,5
2024-11-23 21:29:03,SLEEPING !!!,0.218,0.206,27,5
2024-11-23 21:29:03,Active,0.274,0.197,28,5
2024-11-23 21:29:03,Active,0.264,0.213,28,5
2024-11-23 21:29:03,Active,0.260,0.255,28,5
2024-11-23 21:29:03,Active,0.237,0.236,28,5
2024-11-23 21:29:03,Active,0.275,0.270,28,5
2024-11-23 21:29:04,Active,0.290,0.280,28,5
2024-11-23 21:29:04,Active,0.270,0.245,28,5
2024-11-23 21:29:04,Active,0.246,0.220,28,5
2024-11-23 21:29:04,Active,0.250,0.250,28,5
2024-11-23 21:29:04,Active,0.277,0.256,28,5
2024-11-23 21:29:04,Active,0.273,0.397,28,5
2024-11-23 21:29:06,Active,0.250,0.370,28,5
2024-11-23 21:29:06,Active,0.251,0.341,28,5
2024-11-23 21:29:06,Active,0.292,0.347,28,5
2024-11-23 21:29:06,Active,0.285,0.320,28,5
2024-11-23 21:29:06,Active,0.293,0.353,28,5
2024-11-23 21:29:07,Active,0.300,0.358,28,5
2024-11-23 21:29:07,Active,0.297,0.279,28,5
2024-11-23 21:29:07,Active,0.281,0.266,28,5
2024-11-23 21:29:07,Active,0.192,0.333,28,5
2024-11-23 21:29:07,Active,0.185,0.351,28,5
2024-11-23 21:29:07,SLEEPING !!!,0.237,0.305,28,5
2024-11-23 21:29:07,Active,0.407,0.261,29,5
2024-11-23 21:29:07,Active,0.238,0.303,29,5
2024-11-23 21:29:07,Active,0.212,0.310,29,5
2024-11-23 21:29:07,Active,0.258,0.296,29,5
2024-11-23 21:29:08,Active,0.266,0.309,29,5
2024-11-23 21:29:08,Active,0.255,0.320,29,5
2024-11-23 21:29:08,Active,0.284,0.335,29,5
2024-11-23 21:29:08,Active,0.245,0.283,29,5
2024-11-23 21:29:08,Active,0.240,0.282,29,5
2024-11-23 21:29:08,SLEEPING !!!,0.238,0.287,29,5
2024-11-23 21:29:08,Active,0.288,0.252,30,5
2024-11-23 21:29:08,Active,0.269,0.302,30,5
2024-11-23 21:29:08,Active,0.249,0.341,30,5
2024-11-23 21:29:08,Active,0.301,0.227,30,5
2024-11-23 21:29:09,Active,0.251,0.214,30,5
2024-11-23 21:29:09,Active,0.229,0.256,30,5
2024-11-23 21:29:09,Active,0.237,0.186,30,5
2024-11-23 21:29:09,Active,0.268,0.149,30,5
2024-11-23 21:29:09,Active,0.266,0.519,30,5
2024-11-23 21:29:09,Active,0.238,0.195,30,5
2024-11-23 21:29:09,Active,0.217,0.278,30,5
2024-11-23 21:29:09,Active,0.259,0.204,30,5
2024-11-23 21:29:09,Active,0.239,0.262,30,5
2024-11-23 21:29:09,Active,0.233,0.262,30,5
2024-11-23 21:29:10,SLEEPING !!!,0.233,0.279,30,5
2024-11-23 21:29:10,SLEEPING !!!,0.226,0.274,30,5
2024-11-23 21:29:10,SLEEPING !!!,0.234,0.303,30,5
2024-11-23 21:29:10,SLEEPING !!!,0.242,0.279,30,5
2024-11-23 21:29:10,SLEEPING !!!,0.216,0.295,30,5
2024-11-23 21:29:10,SLEEPING !!!,0.220,0.279,30,5
2024-11-23 21:29:10,SLEEPING !!!,0.233,0.286,30,5
2024-11-23 21:29:10,SLEEPING !!!,0.233,0.246,30,5
2024-11-23 21:29:10,SLEEPING !!!,0.221,0.262,30,5
2024-11-23 21:29:10,SLEEPING !!!,0.238,0.262,30,5
2024-11-23 21:29:11,SLEEPING !!!,0.229,0.266,30,5
2024-11-23 21:29:11,SLEEPING !!!,0.214,0.299,30,5
2024-11-23 21:29:11,SLEEPING !!!,0.218,0.251,30,5
2024-11-23 21:29:11,SLEEPING !!!,0.221,0.270,30,5
2024-11-23 21:29:11,SLEEPING !!!,0.226,0.246,30,5
2024-11-23 21:29:11,SLEEPING !!!,0.234,0.221,30,5
2024-11-23 21:29:11,SLEEPING !!!,0.200,0.242,30,5
2024-11-23 21:29:11,SLEEPING !!!,0.230,0.225,30,5
2024-11-23 21:29:11,SLEEPING !!!,0.231,0.234,30,5
2024-11-23 21:29:11,SLEEPING !!!,0.223,0.246,30,5
2024-11-23 21:29:12,SLEEPING !!!,0.242,0.279,30,5
2024-11-23 21:29:12,SLEEPING !!!,0.231,0.242,30,5
2024-11-23 21:29:12,SLEEPING !!!,0.218,0.258,30,5
2024-11-23 21:29:12,SLEEPING !!!,0.226,0.295,30,5
2024-11-23 21:29:12,Active,0.255,0.278,31,5
2024-11-23 21:29:12,Active,0.258,0.279,31,5
2024-11-23 21:29:12,Active,0.246,0.250,31,5
2024-11-23 21:29:12,Active,0.230,0.290,31,5
2024-11-23 21:29:12,SLEEPING !!!,0.210,0.258,31,5
2024-11-23 21:29:12,SLEEPING !!!,0.160,0.202,31,5
2024-11-23 21:29:13,SLEEPING !!!,0.131,0.318,31,5
2024-11-23 21:29:13,SLEEPING !!!,0.135,0.292,31,5
2024-11-23 21:29:13,SLEEPING !!!,0.121,0.317,31,5
2024-11-23 21:29:13,SLEEPING !!!,0.116,0.300,31,5
